{"loss": [0.00865316390991211, 0.002657576696947217, 0.00207948824390769, 0.0021022313740104437, 0.001717160688713193, 0.001380733447149396, 0.0015679743373766541, 0.0022288821637630463, 0.001353871077299118, 0.0013132898602634668, 0.0012212777510285378, 0.0011934483190998435, 0.0010532180313020945, 0.0008173147216439247, 0.0008293681312352419, 0.0007979901856742799, 0.0007661849958822131, 0.000662419421132654, 0.0007099158829078078, 0.0006654767203144729, 0.0009490722441114485, 0.0009798401733860373, 0.0006531578255817294, 0.0006817270186729729, 0.0005223305779509246, 0.0006570134428329766, 0.0007920840289443731, 0.000627715140581131, 0.0004894452868029475, 0.0005543561419472098, 0.000508585013449192, 0.0004592555633280426, 0.0005172010278329253, 0.000439067545812577, 0.0004530696605797857, 0.0004051507858093828, 0.0004116481577511877, 0.0003855150134768337, 0.0003437319246586412, 0.0003626992693170905, 0.00042334719910286367], "mean_squared_error": [0.00865316390991211, 0.002657576696947217, 0.00207948824390769, 0.0021022313740104437, 0.001717160688713193, 0.001380733447149396, 0.001567974453791976, 0.0022288821637630463, 0.001353871077299118, 0.0013132898602634668, 0.0012212777510285378, 0.0011934483190998435, 0.0010532180313020945, 0.0008173147216439247, 0.0008293681312352419, 0.0007979901856742799, 0.0007661849958822131, 0.000662419421132654, 0.0007099158829078078, 0.0006654767203144729, 0.0009490722441114485, 0.0009798401733860373, 0.0006531578255817294, 0.0006817270186729729, 0.0005223305779509246, 0.0006570134428329766, 0.0007920840289443731, 0.000627715140581131, 0.0004894452868029475, 0.0005543561419472098, 0.000508585013449192, 0.0004592555633280426, 0.0005172010278329253, 0.000439067545812577, 0.0004530696605797857, 0.0004051507858093828, 0.0004116481577511877, 0.0003855150134768337, 0.0003437319246586412, 0.0003626992693170905, 0.00042334719910286367], "mean_absolute_error": [0.055067937821149826, 0.03191571682691574, 0.027818607166409492, 0.02776559256017208, 0.02427266351878643, 0.022352850064635277, 0.024602020159363747, 0.028701351955533028, 0.02281147986650467, 0.021604707464575768, 0.02142983116209507, 0.020867813378572464, 0.018916891887784004, 0.017520811408758163, 0.017832284793257713, 0.017705652862787247, 0.016729746013879776, 0.015582648105919361, 0.015604179352521896, 0.01632753387093544, 0.019083378836512566, 0.019497310742735863, 0.015332534909248352, 0.015860067680478096, 0.014376269653439522, 0.01512197032570839, 0.017030131071805954, 0.015297607518732548, 0.013484057039022446, 0.01384793408215046, 0.01414545625448227, 0.01270095631480217, 0.013087170198559761, 0.012590627186000347, 0.012754926458001137, 0.012396160513162613, 0.012307249940931797, 0.011331800371408463, 0.011012091301381588, 0.011110404506325722, 0.012090307660400867], "mean_absolute_percentage_error": [13230.625, 166.174560546875, 2884.49658203125, 18423.130859375, 1105.715087890625, 10575.353515625, 12296.5625, 231.04901123046875, 5037.35546875, 14745.599609375, 1717.9215087890625, 8935.005859375, 480.64178466796875, 2345.706298828125, 13085.193359375, 4459.724609375, 8713.5439453125, 1899.5172119140625, 12910.337890625, 12463.166015625, 8046.361328125, 2428.111083984375, 7571.70263671875, 10027.9296875, 12260.263671875, 8509.01953125, 1322.5692138671875, 14365.8115234375, 5302.5458984375, 1179.2669677734375, 7464.90869140625, 2994.456298828125, 11019.33984375, 5733.41748046875, 438.998291015625, 5637.845703125, 4089.47119140625, 5012.6181640625, 2858.834716796875, 8161.3642578125, 4684.4501953125], "root_mean_squared_error": [0.09302238374948502, 0.051551688462495804, 0.04560140520334244, 0.04585009813308716, 0.04143863916397095, 0.03715822100639343, 0.039597656577825546, 0.04721103981137276, 0.036794986575841904, 0.03623934090137482, 0.034946784377098083, 0.034546323120594025, 0.03245332092046738, 0.028588715940713882, 0.028798751533031464, 0.02824871987104416, 0.02768004685640335, 0.02573750913143158, 0.02664424665272236, 0.025796836242079735, 0.030807016417384148, 0.031302399933338165, 0.025556951761245728, 0.026109902188181877, 0.022854553535580635, 0.02563227340579033, 0.0281439870595932, 0.025054244324564934, 0.022123411297798157, 0.02354476973414421, 0.022551828995347023, 0.021430248394608498, 0.022742053493857384, 0.020953938364982605, 0.02128543332219124, 0.020128358155488968, 0.020289113745093346, 0.019634535536170006, 0.01854000799357891, 0.01904466561973095, 0.020575402304530144], "val_loss": [0.11279115825891495, 0.09118203818798065, 0.07492069154977798, 0.05480557307600975, 0.03906937316060066, 0.04298758506774902, 0.0326751247048378, 0.021699516102671623, 0.020828284323215485, 0.018819047138094902, 0.013362920843064785, 0.00790979154407978, 0.007232896517962217, 0.0038132609333842993, 0.005228385794907808, 0.0019618021324276924, 0.002902906620875001, 0.0012869865167886019, 0.0009458280401304364, 0.0006785679724998772, 0.002827996388077736, 0.0005501901032403111, 0.0005474542267620564, 0.0005296167801134288, 0.0003964064526371658, 0.0013473769649863243, 0.0011778674088418484, 0.00042755159665830433, 0.0003432268276810646, 0.00039808140718378127, 0.0003272001340519637, 0.0004639064718503505, 0.0004165008431300521, 0.0004391241236589849, 0.0004242245922796428, 0.00036261280183680356, 0.00038379046600311995, 0.0003733100020326674, 0.00040791105129756033, 0.0005212745163589716, 0.0003483814653009176], "val_mean_squared_error": [0.11279115825891495, 0.09118203818798065, 0.07492069154977798, 0.05480557307600975, 0.03906937316060066, 0.04298758506774902, 0.0326751247048378, 0.021699516102671623, 0.020828284323215485, 0.018819047138094902, 0.013362920843064785, 0.00790979154407978, 0.007232896517962217, 0.0038132609333842993, 0.005228385794907808, 0.0019618021324276924, 0.002902906620875001, 0.0012869865167886019, 0.0009458280401304364, 0.0006785679724998772, 0.002827996388077736, 0.0005501901032403111, 0.0005474542267620564, 0.0005296167801134288, 0.0003964064526371658, 0.0013473769649863243, 0.0011778674088418484, 0.00042755159665830433, 0.0003432268276810646, 0.00039808140718378127, 0.0003272001340519637, 0.0004639064718503505, 0.0004165008431300521, 0.0004391241236589849, 0.0004242245922796428, 0.00036261280183680356, 0.00038379046600311995, 0.0003733100020326674, 0.00040791105129756033, 0.0005212745163589716, 0.0003483814653009176], "val_mean_absolute_error": [0.3099576234817505, 0.2763078808784485, 0.24795198440551758, 0.20824430882930756, 0.1692463457584381, 0.17710454761981964, 0.15094634890556335, 0.12090344727039337, 0.1186215728521347, 0.1110212430357933, 0.09340018033981323, 0.07246655970811844, 0.07087333500385284, 0.05191226676106453, 0.057988859713077545, 0.034732550382614136, 0.04381771758198738, 0.02939833328127861, 0.025419842451810837, 0.019168758764863014, 0.04424319416284561, 0.01676243729889393, 0.01720173843204975, 0.016822675243020058, 0.013156161643564701, 0.02800861746072769, 0.02850591205060482, 0.014150625094771385, 0.012167769484221935, 0.014294708147644997, 0.012097043916583061, 0.01522075105458498, 0.013648483902215958, 0.014532653614878654, 0.014409557916224003, 0.01222800463438034, 0.012977899983525276, 0.012464490719139576, 0.013998747803270817, 0.014794420450925827, 0.011675882153213024],